country_name,country_code,1960,1961,1962,1963,1964,1965,1966,1967,1968,1969,1970,1971,1972,1973,1974,1975,1976,1977,1978,1979,1980,1981,1982,1983,1984,1985,1986,1987,1988,1989,1990,1991,1992,1993,1994,1995,1996,1997,1998,1999,2000,2001,2002,2003,2004,2005,2006,2007,2008,2009,2010,2011,2012,2013,2014,2015,2016,2017,2018
Australia,AUS,18573188486.95,19648336879.83,19888005375.74,21501847911.3,23758539590.1,25931235300.71,27261731436.89,30389741292.42,32657632433.64,36620002239.89,41261059469.15,45138313360.96,51954439252.34,63721973094.17,88809137803.98,97147343984.71,104894743476.62,110174351915.58,118309271373.79,134679086675,149738161559.89,176599326599.33,193721725697.89,176986429574.17,193194167723.24,180190994860.78,181977476217.12,189041159343.57,235699941792.78,299317645142.9,310838014621.01,325358292127.78,324878105052.68,311528948847.67,322201314424.08,367216364716.37,400302731411.23,434568007512.91,398899138574.24,388395162301.04,415034227218.49,378215090694.43,394486709920.47,466294700058.24,611904253805.66,692641708013.83,745521862833.18,851962785585.3,1052584601611.46,926448240318.07,1144260547872.81,1394280784777.68,1543411012579.91,1573696522006.77,1464955475993.76,1349034029453.37,1208039015868.39,1323421072479.07,
Austria,AUT,6592693841.18,7311749633.36,7756110210.12,8374175257.73,9169983885.71,9994070615.86,10887682273.1,11579431668.92,12440625312.87,13582798556.24,15373005768.72,17858485956.6,22059612417.41,29515467987.91,35189299985.28,40059206763.06,42959976068.11,51545759220.71,62052258694.21,73937296654.66,82058912465.43,71034228097.46,71275287327.58,72121016623.26,67985345161.96,69386774474.59,99036165209.55,124168442860.25,133339397080.13,133105805928.24,166463386663.44,173794177725.4,195078126346.11,190379720927.48,203535242741.84,241038283062.65,237250948791.27,212790348404.56,218259904401.96,217185787342.85,196799778883.36,197337879194.63,213377771503.86,261695778781.04,300904221504.84,315974418604.65,335998557270.1,388691445387.35,430294287388.31,400172297860.52,391892746544.69,431120310088.82,409425234155.26,430068712971.87,441885415805.83,382065930307.98,390799991147.47,416595666396.64,
Burundi,BDI,195999990,202999992,213500006,232749998,260750008,158994962.96,165444571.43,178297142.86,183200000,190205714.29,242732571.43,252842285.71,246804571.43,304339839.55,345263492.06,420986666.67,448412753.62,547535555.56,610225555.56,782496666.67,919726666.67,969046666.67,1013222222.22,1082926304.46,987143931.17,1149979285.77,1201725497.07,1131466494.01,1082403219.49,1113924130.41,1132101252.52,1167398478.35,1083037670.6,938632612.03,925030590.15,1000428393.89,869033856.32,972896267.92,893770806.08,808077223.37,870486065.88,876794723.07,825394490.16,784654423.62,915257323.4,1117113045.65,1273375020.27,1356199364.86,1611835901.91,1781455092.07,2032135246.5,2235820867.83,2333308099.46,2451625332.75,2705783272.07,3104394858.12,2959185295.39,3172416146.39,
Belgium,BEL,11658722590.99,12400145221.6,13264015675.32,14260017387.05,15960106680.67,17371457607.94,18651883472.48,19992040788.46,21376353113.48,23710735894.7,26849148285.6,29981290025.49,37408591329.85,47999363071.83,56333010459.82,66029748930.57,71494539498.43,83283328418.68,101788475086.46,116938066868.47,127508202372.74,105290614080.83,92588895020.31,87650915976.33,83795680815.41,86730038793.4,120661220335.92,150194077687.74,163167853538.12,165100094594.6,206430841501.69,211637816538.69,236038384441.66,225924679920.71,246194938750.9,289567323481.12,281358175895.77,254813599458.73,260601911535.9,260202429149.8,237904919845.22,237841968680.09,258860436664.78,319002821670.43,370885026074,387365750528.54,409813197842.18,471821105940.32,518625897172.99,484552792442.35,483548031197.11,527008453886.93,497884216568.87,520925468952.94,530770977633.62,455039563132.78,467545548764.57,492681283049.25,
Benin,BEN,226195579.36,235668222.43,236434906.75,253927646.48,269818988.26,289908720.65,302925280.77,306222000.41,326323097.36,330748211.46,333627758.15,335072975.22,410331900.95,504376035.72,554654786.97,676870140.34,698408244.39,750049739.15,928843304.78,1186231265.18,1405251547.24,1291119965.11,1267778489.03,1095348302.92,1051133927,1045712703.03,1336102040.71,1562412030.35,1620246187.15,1502294411.46,1959965243.76,1986437859.9,1695315305.7,2274557914.07,1598075932.35,2169627250.93,2361116587.86,2268301537.65,2455092582.31,2689787917.51,2569186642.87,2680213931.46,3054571081.69,3905366187.87,4521424807.23,4803702821.08,5142380779.44,5969535131.58,7132787396.67,7097198711.61,6970240895.5,7814081155.65,8152554487.31,9157355679.7,9707432015.61,8291155880.6,8573159696.61,9246696923.66,
Burkina Faso,BFA,330442817.17,350247237.12,379567178.26,394040749.13,410321785.63,422916848.42,433889831.58,450753993.18,460442864.21,478298781.55,458404330.13,482411278.98,578595583.98,674773821.15,751133642.65,939972703.46,976547572.22,1131225278.78,1475584037.28,1748480982.19,1928720390.29,1775842679.94,1754450379.21,1600278756.44,1459880352.65,1552493413.99,2036303381.2,2369835438.62,2616040645.87,2615588545.69,3101301780.95,3135045684.1,2240264711.55,2332018010.55,1895290964.81,2379518099.23,2586550747.1,2447669403.89,2804902723.73,2993753187.1,2628920056.1,2812845513.57,3205592289.8,4205691222.11,4838551099.71,5462709498.45,5816310157.72,6771277870.96,8369637065.4,8369175126.25,8979966766.07,10724063457.83,11166063466.56,11947176342,12377391462.64,10419303761.35,10886363726.84,12322864244.92,
Bangladesh,BGD,4274893913.5,4817580183.6,5081413339.79,5319458351.16,5386054619.35,5906636557,6439687598.32,7253575399.32,7483685473.51,8471006100.95,8992721809.39,8751842839.8,6288245866.67,8086725729.34,12512460519.71,19448348073.46,10117113333.33,9651149301.87,13281767142.86,15565480321.94,18138049095.61,20249694002.45,18525399201.6,17609048821.55,18920840000,22278423076.92,21774033333.33,24298032258.06,26579005760.35,28781714763.8,31598341233.56,30957483949.58,31708874594.16,33166519417.99,33768660882.79,37939748768.66,46438484107.58,48244309133.49,49984559471.37,51270569883.53,53369787318.62,53991289844.33,54724081490.51,60158929188.26,65108544250.04,69442943089.43,71819083683.74,79611888213.15,91631278239.32,102477791472.39,115279077465.23,128637938711.39,133355749482.48,149990451022.29,172885454931.45,195078678697.23,221415188000.48,249723862487.36,
"Bahamas, The",BHS,169803921.57,190098039.22,212254901.96,237745098.04,266666666.67,300392156.86,340000000,390196078.43,444901960.78,528137254.9,538423153.69,573400000,590900000,670900000,632400000,596200000,642100000,713000000,832400000,1139800100,1335300000,1426500000,1578300000,1732800000,2041100000,2320699900,2472500000,2713999900,2817900000,3062000000,3166000000,3111160000,3109000000,3092000000,3259000000,3429000000,3609000000,6332360000,6833220000,7683870000,8076470000,8317830000,8881160000,8870090000,9055290000,9836200000,10167250000,10618340000,10526000000,9981960000,10095760000,10070450000,10720500000,10627600000,10957300000,11792300000,11838800000,12162100000,
Belize,BLZ,28071888.56,29964370.71,31856922.86,33749405.01,36193826.12,40069930.07,44405594.41,47379310.34,44910179.64,47305389.22,53233532.93,59207317.07,66062500,78343558.28,103216374.27,118066298.34,96905829.6,117650000,136300000,151800000,197938222.43,196089854.66,182206326.99,192103185.96,214381949.02,212643742.66,231638320.54,281082558.59,320093360.27,369133890.7,412086445.49,444720750,518239100,559858250,580863700,620140400,641383800,654314350,688992450,732732350,832072450,871860600,932551850,990374050,1057845500,1114202700,1217442150,1290542550,1368625150,1335217500,1396731700,1486595750,1563827850,1608442150,1692955750,1762500450,1806646250,1862614800,
Bolivia,BOL,373879363.6,406684585.72,444665186.4,478805990.08,539491477.32,604377104.38,669191919.19,755808080.81,857912457.91,929629629.63,1017003367,1095622895.62,1257615644.98,1262968515.74,2100249875.06,2404697651.17,2731984008,3227436281.86,3758220889.56,4421343606.18,4526916802.61,5872756933.12,5587490264.81,5422440961.88,6169501037.98,5377277406.72,3958338883.22,4323623622.16,4597615562.67,4715978868.22,4867582620.21,5343274311.57,5643893347.01,5734676560.92,5981244886.92,6715220507.05,7396966657.47,7925673448.41,8497545598.08,8285075872.27,8397912509.1,8141537937.61,7905485216.18,8082364868.39,8773451738.91,9549077869.11,11451845341.2,13120107688.02,16674276951.88,17339992165.24,19649724655.49,23963162983.8,27084497539.8,30659338929.09,32996187988.42,33000198263.39,33941126193.92,37508642112.88,
Brazil,BRA,15165569912.52,15236854859.47,19926293839.02,23021477292.21,21211892259.99,21790035117.19,27062716577.91,30591834053.97,33875881876.37,37458898243.86,42327600098.24,49204456700.45,58539008786.37,79279057730.83,105136007528.76,123709376567.89,152678020452.83,176171284311.76,200800891870.16,224969488835.18,235024598983.26,263561088977.13,281682304161.04,203304515490.8,209023912696.84,222942790435.3,268137224729.72,294084112392.66,330397381998.49,425595310000,461951782000,602860000000,400599250000,437798577639.75,558111997497.26,769305386182.85,850426432991.74,883199625324.68,863723411632.92,599388579985.67,655420645476.91,559372276081.97,507962487700.02,558319920831.98,669316654017.09,891630175813.34,1107640297889.95,1397084345950.39,1695824571927.15,1667019780934.28,2208871646202.82,2616201578192.25,2465188674415.03,2472806919901.67,2455993625159.37,1802214373741.32,1793989048409.29,2055505502224.73,
Botswana,BWA,30412308.99,32902336.64,35643207.63,38091150.57,41613969.05,45790869.75,51464435.15,58646443.51,66248256.62,77356914.08,96245114.46,126957494.41,165258093.88,244129088.03,306033848.42,355172413.79,372010119.6,451603325.42,590376720.6,819877300.61,1060923829.13,1073861599.14,1014907254.54,1172258182.15,1240796364.76,1114764007.15,1392634771.97,1965274882.36,2644536804.11,3083800684.9,3790567051.87,3942792837.36,4146513722.33,4160086253.15,4259330999.03,4730611067.02,4847752842.79,5020214747.45,4790458837.17,5484257417.18,5788329609.16,5489608299.66,5438857106.74,7511582173.38,8957467706.54,9931134940.51,10126940513.31,10939053365.48,10945070441.93,10267133177.73,12786654365.87,15351972226.5,14420393568.86,14901750764.98,16250750259.02,14406496463.61,15648632361.57,17406565823.3,
Central African Republic,CAF,112155598.95,123134584.47,124482748.94,129379097.89,142025069.46,150574816.3,157930041.88,163820538.87,191767436.96,188039191.32,189106554.52,201450768.37,230317908.04,271183061.36,281398668.16,378660016.27,451152449.98,507298120.68,610578523.76,700764892.7,797048028.77,694803502.72,748312283.73,658679394.91,637820620.67,864849765.06,1122265026.38,1200991825.95,1264899368.2,1233930277.05,1440711395.67,1377375030.53,1411917558.46,1278781166.72,851174350.65,1115389731.79,1007791186.2,937741468.03,967338348.66,999477510.69,914500299.1,931833302.75,991387870.12,1139754799.16,1270080250.65,1337362392.15,1460561215.44,1697565948.65,1985240986.19,1981732633.92,1986015906.25,2195599556.74,2169706564.06,1518565298.36,1702899386.14,1583776805.97,1755468136.87,1949411659.2,
Canada,CAN,41093453544.91,40767969453.7,41978852041.44,44657169109.22,48882938810.22,53909570342.17,60358632035.15,64768831262.18,70759031841.72,77887510241.71,87896095224.42,99271961477.52,113082820992.02,131321859214.08,160408697648.26,173834029787.65,206575564401.62,211612156934.65,218632867449.81,243072102185.42,273853826377.01,306214863624.99,313506525087.14,340547711781.89,355372558103.62,364756499450.75,377437927311.98,431316742081.45,507354351182.25,565055743243.24,593929550908.47,610328183643.19,592387689252.92,577170761956.44,578139279437.61,604031623433.4,628546387972.13,652825364726.28,631813279406.81,676082654640.91,742293448252.64,736379777892.56,757950678646.53,892380986367.85,1023196003074.56,1169357979864.66,1315415197461.21,1464977190205.75,1549131208997.19,1371153004986.44,1613464422811.13,1788647906047.76,1824288757447.57,1842628005830.18,1799268695861.8,1559623393038.66,1535767736946.18,1653042795255.04,
Chile,CHL,4110000000,4609727272.73,5416272727.27,5668187500,5982347826.09,6026593750,7072641025.64,7013196078.43,7167086956.52,8377093023.26,9126309734.51,10884114754.1,11853817307.69,16836261173.18,16210404183.54,7622217352.34,10341925249.04,13962893421.54,15989933708.15,21803696985.23,29036709871.79,34509878043.59,25325893205.66,20355959237.21,19622527479.69,17702885393.51,18891048818.74,22255407684.7,26040229793.07,29885685142.91,33113887817.97,37834793730.31,45964327558.88,49297773130.12,57008425295.83,73447063319.3,78039572221.6,84952360922.47,81577430181.41,75173794497.03,77860932151.85,70979923960.37,69736811435.1,75643459839.6,99210392857.61,122964812046.07,154788024805.81,173605968179.26,179638496278.57,172389498444.62,218537551220.07,252251992029.44,267122320056.7,278384332694.36,260584090570.99,243999477737.94,250036180921.05,277075944401.94,
China,CHN,59716467625.31,50056868957.67,47209359005.61,50706799902.51,59708343488.5,70436266146.72,76720285969.62,72881631326.67,70846535055.65,79705906247.46,92602973434.07,99800958648.14,113687586299.05,138544284708.96,144182133387.72,163431551779.76,153940455341.51,174938098826.57,149540752829.27,178280594413.04,191149211575,195866382432.54,205089699858.78,230686747153.26,259946510957.14,309488028132.65,300758100107.25,272972974764.57,312353631207.82,347768051311.74,360857912565.97,383373318083.62,426915712711.15,444731282436.76,564324670005.92,734547898220.51,863746717503.79,961603952951.82,1029043097554.08,1093997267271.06,1211346869605.24,1339395718865.3,1470550015081.55,1660287965662.68,1955347004963.27,2285965892360.54,2752131773355.16,3552182311652.97,4598206091384,5109953609257.25,6100620488867.55,7572553836875.34,8560547314679.28,9607224481532.65,10482372109961.90,11064666282625.50,11190992550229.50,12237700479375.00,
Cote d'Ivoire,CIV,546203561.57,618245639.22,645284344.68,761047045.83,921063266.45,919771356.43,1024103034.29,1082922892.15,1281281245.67,1361360157.27,1455482990.24,1584128262.09,1849400599.78,2508421234.86,3070151901.06,3893839190.27,4662053707.78,6265067857.87,7900524897.86,9142935857.95,10175615441.81,8432588483.85,7567109766.61,6838185418.54,6841638714.55,6977650069.34,9158302205.36,10087653189.33,10255170459.99,9757410614.08,10795850106.95,10492628915.49,11152971316.07,11045759468.94,8313557450.25,11000146839.5,12139234938.79,11722142706.13,12612033728.86,12376639822.93,10717022462.69,11192560827.3,12346919216.14,15306602560.25,16554441846.52,17084928927.46,17800887796.5,20343635319.62,24224903099.63,24277493862.06,24884505034.56,25381616734.07,26790579775.3,31273049200.24,35343298113.51,39633467835.73,35389998638.94,37353276059.25,
Cameroon,CMR,618740988.01,657597382.76,699373701.22,723624365.29,782384527.81,814139855.76,853268771.1,934079050.35,1053077155.18,1152418514.83,1160002260.95,1233991075.12,1430951331.85,1758727395.19,2255496995.49,2752771043.89,3076592431.27,3366368664.6,4409920643.64,5811444660.66,6740756568.92,7636345827.34,7322914570.16,7381854746.92,7801858825.18,8148223603.58,10621158532.52,12302471429.43,12493286761.73,11140055364.15,11151578050.74,12434370004.96,11396310990.22,15498179313.04,10600157683.84,9643953174.77,10513387441.62,10833497457.51,10612847429.35,11198378749.47,10083937740.06,10371327756.45,11579343088.16,14548845764.53,17430933517.3,17944084201.49,19356046327.9,22365265025.66,26409781215.18,26017925551.84,26143818509.64,29337006833.08,29104437355.04,32348149947.37,34942948737.4,30916218544.44,32621535418.9,34922782310.64,
Democratic Republic of Congo,COD,3359404117.65,3086746857.14,3779841428.57,6213185742.57,2881545272.73,4043901818.18,4532660181.82,3384063371.76,3909780538.92,5032434970.06,4877684910.18,5594770359.28,6173712814.37,7870239461.08,9596960179.64,10237343173.65,9648583224.99,12344424763.57,15372608002.39,15068422236.37,14394927494.86,12537821038.22,13651667371.17,11006712650.45,7857729193.2,7195042616.01,8095367168.22,7661625472.58,8861299976.74,9021862775.26,9349764580.37,9625436872.51,8227343907.27,10706259936.74,5820382248.28,5643439376.1,5771454939.62,6090840548.19,6215591269.9,4711259427.27,19088046305.8,7438189100.33,8728038525.14,8937567059.88,10297483481.22,11964484667.91,14451902467.93,16737071816.38,19788515873.89,18648373312.42,21565720044.46,25839749198.82,29306235826.39,32679745297.65,35909040265.93,37917704900.08,37134799974.52,37642482562.32,
Republic of Congo,COG,131731862.57,151675739.16,166521239.86,172233430.87,185693724.85,198318063.86,220613582.37,237397428.34,251247458.01,265040036.06,274960699.86,322128019.32,410669262.9,541973362.48,585364635.35,767102679.02,754549600.55,765224030.64,878771771.29,1198749665.95,1705796849.55,1993512325.92,2160640566.54,2097274289.62,2193581366.41,2160872541.42,1849268214.68,2297753649.28,2212536313.33,2389593021.95,2798746050.58,2724853592.73,2933222714.12,1918970032.41,1769365425.04,2116003977.98,2540697688.06,2322718991.26,1949481296.61,2353909563.94,3219910550.39,2794259783.08,3019993738.77,3495868808.05,4648628921.37,6087003176.12,7731261310.93,8394688284.06,11859013281,9593537550.75,12007880438.62,14425607179.66,13677930123.59,14085851348.07,14177437982.26,8553154580.4,9035848070.9,8701334800.22,
Colombia,COL,4031152976.64,4540447761.19,4955543963.37,4836166666.67,5973366666.67,5760761904.76,5428518518.52,5825170438.49,5960212869.13,6450175213.75,7198360460.2,7820380970.54,8671358732.68,10315760000.34,12370029583.64,13098633901.87,15341403660.47,19470960619.13,23263511958.05,27940411250.27,33400735644.05,36388366869.03,38968039721.75,38729822781.6,38253120737.97,34894411351.98,34942489683.97,36373307085.09,39212550050.42,39540080200.39,47844090709.99,49175565911.07,58418985443.32,66446804802.57,81703500846.04,92507279383.04,97160109277.81,106659508271.26,98443739941.17,86186158684.77,99886577330.73,98203546156.31,97933391976.08,94684584162.77,117074863821.85,145180960224.3,161189825603.14,205706860699.3,241710969502.89,232494134119.68,286103648654.55,334454039093.59,370574421703.06,381866608838.8,381112119657.45,293481748240.78,282856115393.18,314457601859.52,
Costa Rica,CRI,507513829.99,490325181.61,479180824.35,511902136.81,542578367.24,592981162.26,647305630.19,699456618.87,773841494.34,853630203.77,984830158.49,1077152902.29,1238251695.55,1528916185.23,1666544754.1,1960863465.58,2412555425.9,3072427012.84,3523208809.8,4035519323.22,4831447001.17,2623807074.29,2606621255.02,3146770103.81,3660476458.87,3919203960.4,4418983870.97,4532952047.16,4614629898.4,5251025767.48,5711687786.76,7168999670.29,8528593420.84,9537297723.43,10432619325.62,11513472785.72,11618286652.04,12552071488.01,13617405297.06,14195623342.76,14949514493.42,15913363440.51,16504795592.93,17195867468.41,18529767918.15,19952156489.47,22600431882.97,26743874205.85,30612932876.35,30562361123.01,37268635287.15,42262697840.42,46473128285.46,49745088111.62,50577769837.69,54775994478.5,57157992434.22,57285984447.71,
Denmark,DNK,6248946880.28,6933842098.85,7812968114.4,8316692385.77,9506678762.78,10678897387,11721248101.09,12788479692.19,13196541952,15009384584.53,17075466666.67,19085681968.14,23232411897.6,30730638895.78,34160363582.67,40474400473.36,44575847808.11,49784281716.42,60362854966.82,70366280174.87,71127592753.6,61877755004.63,60412846238.78,60644833242.21,59105208272.99,62658544411.31,88078729452.48,109414353171.65,115552848547.87,112409236409.4,138247261092.98,139224732275.46,152915624326.97,143195607581.86,156162311731.6,185006961302.3,187632400365.6,173537588008.18,176992000955.11,177965224620.85,164158800460.22,164791416350.27,178635160297.42,218095997085.48,251373036671.06,264467308109.19,282884912894.33,319423370134.28,353361056079.72,321241396034.25,321995350346.5,344003209695.61,327148899962.15,343584385594.13,352993633221.28,301298464861.39,306899653409.6,324871968807.47,
Dominican Republic,DOM,672399700,654100200,824100000,940799900,1025599900,888100000,983900000,1034800000,1079100000,1230500000,1485500000,1666500000,1987400000,2344800000,2925700000,3599200000,3951500000,4587100000,4734400000,5498800000,6761300000,7561300000,8267400000,9220600000,11594000000,5044592944.8,6122198120.03,5826987099.46,5374314928.43,6686593059.94,7073675544.81,9734321854.02,11356271335.97,13081042400,14664237666.67,16598679279.07,18241691857.35,20017908829.33,21672526562.79,22137599986.11,24305116729.19,25599311449.38,27362875602.5,21642882856.42,22692574473.35,36119047252.18,38116351526.29,44169678153.16,48288967303.49,48376555305.69,53982886258.22,57811180659.45,60657780260.68,62661773591.72,66065015410.05,68802092020.94,72342967648.34,75931656814.66,
Algeria,DZA,2723648551.75,2434776645.74,2001468867.73,2703014867.33,2909351792.59,3136258896.92,3039834558.75,3370843065.77,3852115816.98,4257218772.15,4863487492.66,5077222366.97,6761786386.55,8715105930.49,13209713643.32,15557934268.5,17728347374.99,20971901273.27,26364491313.45,33243422157.63,42345277342.02,44348672667.87,45207088715.65,48801369800.37,53698278905.97,57937868670.19,63696301892.81,66742267773.2,59089067187.39,55631489801.55,62045099642.78,45715367087.1,48003298223.12,49946455210.97,42542571305.51,41764052457.88,46941496779.85,48177862501.95,48187747528.9,48640574566.65,54790245600.58,54744714396.17,56760288973.67,67863829880.48,85324998813.6,103198228458.59,117027304746.54,134977087734.01,171000691877.71,137211039898.19,161207268655.39,200019057307.66,209058991952.13,209755003250.66,213810022462.43,165979277276.91,160129866569.94,167555280113.18,
Ecuador,ECU,2069465326.42,1753850416.71,1518208221.23,1824344492.07,2244146867.9,2387048255.45,2429309513.81,2553596091.82,2582180794.19,3112166848.3,2862504170,2754220263.03,3185987234.84,3891755551.94,6599259421,7731677256.81,9091924304.83,11026346589.5,11922502170.64,14175166007.58,17881514682.88,21810767209.37,19929853574.61,17152483214.35,16912515183.28,17149094589.98,15314143988.06,13945431882.23,13051886552.34,13890828707.65,15239278100.35,16988535267.63,18094238119.06,18938717358.68,22708673336.67,24432884442.22,25226393196.6,28162053026.51,27981896948.47,19645272636.32,18327764882.44,24468324000,28548945000,32432858000,36591661000,41507085000,46802044000,51007777000,61762635000,62519686000,69555367000,79276664000,87924544000,95129659000,101726331000,99290381000,99937696000,104295862000,
Spain,ESP,12072126075.4,13834300571.48,16138545209.25,19074913947.72,21343844643.73,24756958694.92,28721062242.16,31647119228.2,31475548481.41,36038711599.54,40881655098.65,46492797365.27,58971806626.97,78425934894.35,97009800115.37,114465300289.86,118185307386.22,132089531434.83,160163483072.92,214019077342.59,232134606637.27,202257045774.01,195464408602.15,170486866357.31,171635463361.62,180302412230.92,250638463466.79,317882187036.79,375138723325.24,413630538018.27,535101248775.71,575598537069.66,629202392003.9,523649481762.32,529121577319.59,612939685081.4,640998292394.59,588692045454.55,617041986858.23,633194118900.49,595402616546.9,625975838926.18,705145868624.13,906853273137.7,1069555500372.49,1157276458151.97,1264551499184.54,1479341637010.68,1635015380108.39,1499099749930.54,1431616749640.29,1488067258325.2,1336018949805.58,1361854206549.39,1376910811040.88,1197789902774.43,1237255019653.86,1311320015515.99,
Finland,FIN,5224102195.53,5921659485.03,6340580854.39,6885920328.66,7766655085.79,8589340019.03,9208524504.88,9368954010.31,8823033880.33,10070766720.5,11365953567.38,12536710287.01,14754136507.03,19486826979.93,24867278714.35,29494515597.22,31873171718.73,33524682307.81,36283091407.94,44498283620.82,53685049410.26,52485533204.74,52832120389.79,51014090520.92,52926394934.71,55914236377.59,73586676049.73,91642093872.58,109103056147.83,119064708327.56,141517648888.2,127866490222.03,112625431377.75,89255751014.89,103321570859.42,134199346405.23,132099404607.82,126833123353.57,133936359590.57,135225868314.51,125539893126.96,129250111856.82,139552983248.64,171071106094.81,196768065557.49,204436015420.97,216552502822.73,255384615384.62,283742493042.33,251499027507.64,247799815768.48,273674236772.82,256706466091.09,269980111642.9,272609288689.58,232464833065.55,238677672281.61,251884887972.77,
Fiji,FJI,112328422.11,116987784.91,122906434.96,129454728.62,140032741.47,147084750.03,150603925.52,162625885.86,166952937.14,182182067.7,219878482.17,247749327.72,316650508.97,425963359.36,558589870.9,684268280.81,694552411.72,719533137.13,829239489.84,1019743927.25,1202567359.41,1235899836.18,1194015444.02,1123107276.3,1177997413.63,1141210124.83,1290228616.82,1177908191.98,1109976927.92,1182686577.23,1337024782.23,1383843860.12,1531803060.55,1635426125.31,1825285158.12,1970347720.97,2129266728.43,2093994597.22,1656784779.55,1942170999.19,1684109743.49,1660102345.6,1842691481.09,2315935752.72,2727507212.93,3006725014.78,3102741451.02,3405050611.69,3523185919.56,2870624635.68,3140508835.95,3774530615.66,3972012570.53,4190143206.26,4483416339.94,4362128146.45,4671313314.56,5061202767.43,
France,FRA,62651474946.6,68346741504.43,76313782251.7,85551113767.37,94906593388.31,102160571409.27,110597467198.65,119466139619.59,129847107787.88,140725497222.28,148456359985.83,165966615366.4,203494148244.47,264429876252.21,285552373158.76,360832186018.05,372319038514.07,410279486493.72,506707848837.21,613953129818.07,701288419745.42,615552202776.1,584877732308.61,559869179791.72,530683779929.45,553138414367.06,771470783218.11,934173305685.91,1018847043277.17,1025211803413.53,1269179616913.63,1269276828275.78,1401465923172.24,1322815612694,1393982750472.59,1601094756209.75,1605675086549.56,1452884917959.09,1503108739159.44,1492647560196.04,1362248940482.77,1376465324384.79,1494286655373.61,1840480812641.08,2115742488204.62,2196126103718.44,2318593651988.46,2657213249384.07,2918382891460.38,2690222283967.77,2642609548930.36,2861408170264.61,2683825225092.63,2811077725703.59,2852165760630.27,2438207896251.84,2465134297438.91,2582501307216.42,
Gabon,GAB,141468977.57,167637907.38,182796536.5,154480244.25,215679855.27,226474285.59,245849781.72,271543680.28,294468564.53,318124701.05,323802475.48,381687073.06,430508357.72,722780701.12,1544216003.98,2157592936.61,3009409970.9,2809349074.18,2389479269.19,3030251116.36,4279637933.85,3862269126.93,3618007844.45,3391275731.32,3561451562.24,3339914759.37,3403638193.58,3281797038.67,3834503378.35,4186411457.46,5952293765.84,5402919956.94,5592390848.53,4378645081.02,4190819314.03,4958845906.35,5694040336.83,5326816859,4483417119.84,4662992036.21,5067865320.8,5018874179.19,5310381151.36,6497305662.09,7756293574.98,9578973591.01,10318424464.34,12438956756.45,15508574820.35,12065138272.75,14358584300.3,18186478119.96,17171447372.33,17590745162.13,18179752009.75,14377324797.64,14014369641.77,15013950984.08,
United Kingdom,GBR,72328047042.16,76694360635.92,80601939635.25,85443766670.43,93387598813.93,100595782309.17,107090721447.06,111185383409.52,104702736248.08,112676874821.99,130671946244.3,148113896325.14,169965034965.04,192537971582.56,206131369798.97,241756637168.14,232614555256.07,263066457352.17,335883029721.96,438994070309.19,564947710899.37,540765675241.16,515048916841.37,489618008185.54,461487097632.35,489285164271.05,601452653180.89,745162608269.33,910122732123.8,926884816753.93,1093169389204.55,1142797178130.51,1179659529659.53,1061388722255.55,1140489745944.29,1335218557677.13,1408781591263.65,1552483628028.81,1638511096389.53,1665623685487.79,1647951278559.54,1621510004318.41,1768408273381.29,2038395102040.82,2398555474185.28,2520701818181.82,2692612695492.18,3074359743897.56,2890564338235.29,2382825985355.97,2441173394729.62,2619700404733.37,2662085168498.93,2739818680930.19,3022827781881.39,2885570309160.86,2650850178102.14,2622433959604.16,
Ghana,GHA,1217230038.27,1302674264.2,1382515590.07,1540797516.79,1731296118.87,2053462872.38,2126300573.18,1747187539.21,1666910166.29,1962051319.26,2215029450.38,2417107708.25,2112292944.64,2465492957.75,2894409937.89,2810106382.98,2765254237.29,3189428571.43,3662478184.99,4020227920.23,4445228215.77,4222441614.97,4035994397.76,4057275042.83,4412279843.44,4504342149.43,5727602644.71,5074829931.97,5197840979.13,5251764264.27,5889174825.49,6596546195.65,6413901601.83,5966255778.12,5444560669.46,6465137614.68,6934984709.48,6891308593.75,7480968858.13,7719354838.71,4983024408.15,5314909953.93,6166330136.29,7632406552.84,8881368538.08,10731634116.74,20409668521.55,24758819717.71,28526891010.49,25977847813.74,32174772955.97,39566292432.86,41939728978.73,63277216928.51,53601126663.91,49181854798.26,55009730600.03,58996776237.76,
Greece,GRC,4446528164.68,5016048786.23,5327573509.1,5949478034.89,6680298250.58,7600579093.12,8455611129.28,9136711287.82,9915140546.35,11266091570.57,13139862500,14591755681.82,16885506818.18,22347844649.02,25351305681.82,28525872476.09,31152840485.07,36176233117.48,44270203153.99,54481875804.97,56829663469.22,52346507380.07,54617991326.53,49428872678.02,48020024788.39,47820850974.59,56379593719.57,65652751132.36,76261278405,79169043642.47,97891090928.63,105143232379.88,116224673042.55,108809058858.5,116601802106.74,136878366230.33,145861612825.6,143157600024.96,144428172835.24,142540728958.02,130133845771.14,136191353467.56,153830947016.75,201924270316.03,240521260988.33,247783001865.44,273317737046.8,318497936901.18,354460802548.7,330000252153.38,299361576558.22,287797822093.18,245670666639.05,239862011450.1,237029579260.72,195541761243.14,192690813126.86,200288277129.04,
Guatemala,GTM,1043599900,1076699900,1143600000,1262800000,1299099900,1331399900,1390700000,1453500000,1610500000,1715399900,1904000000,1984800000,2101300000,2569200100,3161499900,3645900000,4365300200,5480500200,6070600200,6902600200,7878700000,8607500300,8716999700,9050000400,9470000100,9721652086.96,7231963515.98,7084399840,7841602824.43,8410724360.8,7650125217.35,9406097735.09,10440842165.32,11399942453.06,12983235568.23,14655404433.28,15674835615.31,17790026221.61,19395491992.99,18318412251.36,19288827158.9,18702802783.72,20776669472.98,21917706484.51,23965275999.64,27211377220.07,30231249362.21,34113107084.94,39136954237.85,37734072275.59,41338521642.03,47654783850.64,50388460920.18,53851148431.93,58722323918.16,63767597193.92,68663653469.12,75620095537.5,
Guyana,GUY,170215248.21,185848451.26,194948375.43,175756868.69,194773376.89,213235294.12,228705882.35,250176470.59,229750000,249300000,267800000,282050000,285380952.38,307047619.05,433954545.45,494791666.67,454440000,449880000,507080000,530440000,603200000,570357107.14,482000000,489333333.33,437631605.26,453488372.09,504651139.53,354591846.94,413799990,379779389.71,396582263.29,348533094.81,373573141.49,454101382.49,540874934.2,621626785.92,705406001.42,749138009.56,717530683.17,694754988.26,712667896.73,712167575.62,726131434.72,743064076.79,787814379.18,824880550.34,1458453715.33,1740180444.26,1916996251.6,2061324145.62,2273224261.16,2576024015.59,2861560060.93,2987684143.47,3077643261.39,3197222215.01,3504024213.08,3621046004.84,
Hong Kong,HKG,1320796651.69,1383681651.14,1612346412.26,1935298266.45,2206466461.26,2435078534.03,2489845016.65,2692474989.13,2716964388.42,3189740055.14,3800766535.62,4476001946.01,5710107420.14,8030117555.62,9388663645.76,10048022369.91,12876366008.81,15719433719.43,18315007365.97,22526035940.59,28861759209.02,31055409443.04,32291306281.82,29907091339.54,33511383985.67,35699543050.78,41075570591.93,50622571586.11,59707404560.59,68790369107.3,76928290841.87,88959620135.89,104272278634.73,120353947980.76,135812069768.65,144652912433.1,159717233621.66,177352785419.98,168886163221.57,165768095391.56,171668164082.56,169403241524.34,166349228737.39,161384522525.3,169099768875.19,181570082162.19,193536265094.36,211597405593.87,219279678430.16,214046415026.19,228637697575.04,248513617677.29,262629441493.48,275696879834.97,291459356985.34,309383627028.56,320881182123.86,341449340450.65,
Honduras,HND,335650000,356200000,387750000,410200000,457000000,508650000,549950000,598100000,646800000,668000050,723000000,731000000,802999950,912499950,1034500000,1124000000,1347999950,1669499950,3097242093.22,3544281976.29,3968160045.99,4043894878.58,4266503525.61,4476697184.86,4915311846.49,5278120712.55,5677828958.91,6190521241.46,5902717091.55,5432344901.78,4923009551.52,4648668470.22,4943700428.08,4926728938.87,4642280683.37,5347445007.51,5215028987.88,5737099646.39,6366340267.74,6414520531.65,7103507989.05,7565869927.74,7775078402.93,8140271080.56,8772194250.27,9672035709.4,10841742347.8,12275501784.3,13789715132.5,14587496229.18,15839344591.98,17710315006,18528601901.32,18499710127.84,19756494434.7,20979767785.21,21643936938.91,22978532896.78,
Haiti,HTI,273187200,271066000,281896800,294883400,325281200,353251800,368948600,369124200,367968800,391820400,331200000,362800000,372000000,466800000,565400000,681400000,879000000,947000000,974200000,1080600000,1383800000,1479400000,1474200000,1623600000,1816200000,2009400000,2318000000,2047200000,2613926800,2736243800,3096289800,3473540601.82,2257121668.19,1878248741.05,2167564194.73,2813313278.81,2907514522.93,3338938830.02,3723909226.87,4153736347.44,3953846310.66,3596443004.56,3472191962.42,2960306120.94,3537720277.5,4310358095.63,4756204069.62,5885325589.98,6548530572.35,6584649419.28,6622541528.57,7516834160.25,7890216507.69,8452509315.88,8776350789.6,8724656126.5,7970649131.23,8408150517.98,
India,IND,36535925031.34,38709096075.63,41599070242.31,47776000900.03,55726873083.55,58760424669.85,45253641303.19,49466168890.95,52377324284.2,57668330026.36,61589800519.51,66452561865.83,70509913049.4,84374541630.21,98198276856.62,97159222024.14,101346972433.93,119866746574.41,135468782808.69,150950826964.42,183839864649.15,190909548789.77,198037712681.61,215350771428.33,209328156800.87,229410293759.07,245664654062.87,275311425331.64,292632656262.69,292093308319.64,316697337894.51,266502281092.72,284363884079.92,275570363432.31,322909902308.13,355475984176.18,387656017799.6,410320300471.23,415730874172.06,452699998386.96,462146799336.77,478965491061.69,508068952065.96,599592902016.21,699688852930.44,808901077222.09,920316529729.61,1201111768409.39,1186952757635.85,1323940295874.9,1656617073124.21,1823049927771.46,1827637859135.7,1856722121394.53,2039127446298.55,2102390808996.69,2274229710530.47,2600818243559.65,
Ireland,IRL,1939329775.44,2088012282.36,2260349684.09,2430843768.45,2766608945.87,2945704143,3104034393.23,3343636773.37,3278584478.33,3787077343.73,4401259686.26,5104355500.19,6325627655.39,7490132548.72,7906317252.81,9495166027.87,9465078403.62,11261811100.43,14665538508,18341273855.58,21773901764.04,20694944733.17,21500472054.55,20790917686.21,20130728786.07,21295486382.94,28748960470.54,33961142322.1,37818134253.15,39285385087.62,49364681255.7,49847128533.4,55985506498.73,52480253168.97,57166037102.47,69222626262.63,75880632560.48,82826146131.81,90082034316.47,98691849563.18,99853528653.03,109133512304.25,127945379258.42,164285112866.82,193870350136.58,211650764830.25,232085535064.61,269917519846.7,275020023436.36,236311336482.36,221951354761.53,239018536581.68,225571853194.35,239389340720.49,258099014042.12,290617008367.57,304819018067.11,333730764773.18,
Iceland,ISL,248434096.97,253885656.33,284916516.16,340061650.12,434267936.91,523694949.37,628893310.4,621225962.15,474399471.62,414709311.35,518902045.45,660321818.18,827213233.63,1137337734.38,1492743371.69,1386032921.28,1644755722.68,2175791270.68,2474614621.37,2811162819.06,3331325037.52,3441249882.34,3159121960.9,2724974072.97,2822006039.06,2939845038.39,3930518365.52,5438537482.03,6016168896.17,5588533007.37,6372905073.11,6807365897.52,6976080330.66,6126456175.15,6294803496.78,7018100153.5,7330965239.1,7548912105.47,8453704212.19,8917286036,8927140438.33,8136345143.83,9207689916.29,11316441660.04,13722824251.3,16691490113.8,17048647567.68,21319946739.52,17658408759.05,12944114736.2,13310567802.94,14732689534.6,14292008745.4,15548321544.38,17304033020.54,16942247373.97,20304098101.41,23909289978.59,
Israel,ISR,2598500000,3138500000,2510000000,2992333333.33,3405333333.33,3663333333.33,3980000000,4030000000,4619000000,5329333333.33,7045666666.67,6709000000,8771500000,11321750000,16334250000,15353833333.33,15176875000,17365700000,16836235294.12,21505200000,24154568627.45,25568701754.39,27826057613.17,31079439501.78,29148462482.95,27493591483.59,34083532195.19,40946424369.75,50078767902.93,49881433990.82,58986997916.87,67530220218.51,75575902931.97,75954641355.43,86307135996.81,100343219506.53,109957321960.08,114724862033.98,115979230546.57,117189920211.61,132339311284.43,130706147870.75,121069378150.2,126864966908.94,135445033199.47,142462925574.35,153966916311.33,178706717752.73,215840354626.53,207419370241.34,233609522091.47,261628548084.18,257296579579.35,292489185194.42,308416982140.36,299093839689.55,317747542489.39,350850537827.28,
Italy,ITA,40385288344.19,44842760293.19,50383891898.99,57710743059.83,63175417019.01,67978153850.52,73654870011.28,81133120065.42,87942231678.35,97085082807.38,113021271995.04,124261125468.17,144780887782.21,174913182331.45,198906210777.02,226944777283.51,223976030937.43,256746610489.36,314019078256.9,392378584945.23,475682506443.59,429282143246.47,425863251968.5,441580962901.58,436443280912.5,450725816043,638273986102.09,803055418882.58,888667913418.63,925598068021.45,1177326294440.85,1242109397533.95,1315806985860.17,1061445225790.57,1095590833693.56,1170787352906.22,1308929351236.04,1239050932241.93,1266309245009.48,1248563179203.07,1141759996314.72,1162317852348.99,1266510634293.24,1569649661399.55,1798314750434.57,1852661982340.5,1942633797516,2203053380782.92,2390729163615.06,2185160183384.27,2125058244242.92,2276292404600.52,2072823157059.76,2130491320658.68,2151732868243.21,1832868490534.11,1859383610248.72,1934797937411.33,
Jamaica,JAM,699050678.99,748028839.42,777712445.75,826690466.19,897931401.37,972140557.19,1096738065.24,1148025407.35,1083883355.33,1191287651.51,1404776071.04,1539865513.93,1875048859.93,1905917553.19,2375096249.04,2860411285.89,2966010229.9,3249697393.03,2644449232.29,2425033998.19,2679409453.24,2979061412.37,3293533288.42,3619294120.69,2373566957.49,2100223149.71,2754566176.2,3286987551.72,3828310734.98,4404970058.84,4592224067.37,4071219198.04,3530892749.02,5405097570.69,5419134875.34,6538840169.73,7368000000,8375077442.97,8763219645.29,8851581632.65,8985352831.94,9178016493.06,9694169756.9,9399447609.18,10150978154.55,11204416000,11901911987.86,12827809965.24,13680482787,12067478477.57,13200286270.47,14413359665.43,14798716216.22,14193012191.5,13852192273.14,14145469269.46,14072135208.57,14781107821.75,
Japan,JPN,44307342950.4,53508617739.38,60723018683.73,69498131797.33,81749006381.51,90950278257.78,105628070343.11,123781880217.6,146601072685.51,172204199480.89,212609187920.83,240151807459.96,318031297492.68,432082670451.09,479625998614.78,521541905671.9,586161859001.02,721411786537.19,1013612173519.79,1055012119528.16,1105385973763.87,1218988935129.81,1134518001884.56,1243323592058.83,1318381627003.76,1398892744820.69,2078953333673.55,2532808573157.03,3071683013178.91,3054914166263.18,3132817652848.04,3584420077100.84,3908809463463.86,4454143876947.21,4907039384469.68,5449116304981.1,4833712542207.1,4414732843544.43,4032509760872.94,4562078822335.45,4887519660744.86,4303544259842.72,4115116279069.77,4445658071221.86,4815148854362.11,4755410630912.14,4530377224970.4,4515264514430.57,5037908465114.48,5231382674593.7,5700098114744.41,6157459594823.72,6203213121334.12,5155717056270.83,4850413536037.84,4394977752877.82,4949273341993.88,4872136945507.59,
Kenya,KEN,791265458.82,792959472.14,868111400.01,926589348.57,998759333.64,997919319.98,1164519673.2,1232559505.92,1353295457.53,1458379415.4,1603447357.25,1778391289.19,2107279157.38,2502142444.16,2973309272.04,3259344935.77,3474542392.03,4494378855.33,5303734882.53,6234390975.27,7265315331.62,6854491453.9,6431579357.31,5979198463.83,6191437070.44,6135034338.3,7239126716.93,7970820530.75,8355380879.13,8283114648.37,8572359162.86,8151479004.21,8209129171.74,5751789915.05,7148145375.79,9046326059.99,12045858436.24,13115773737.57,14093998843.73,12896013576.73,12705357103.01,12986007425.88,13147743910.72,14904517649.85,16095337093.84,18737897744.79,25825524820.81,31958195182.24,35895153327.85,37021512048.82,40000088346.8,41953433591.41,50412754861.02,55096728047.94,61448041564.02,64007751187.89,70875223143.04,79263075749.27,
St. Kitts and Nevis,KNA,12366563.61,12483229.31,12541562.15,12833226.39,13416554.86,13593932.32,14469078.18,16742338.25,14600000,15850000,16300000,19624746.45,22944849.12,24196018.38,31514856.31,33364055.3,30095602.29,44496737.78,49433941.48,58840662.59,68459214.07,80890204.81,86021798.52,86875571.48,98603924.81,111008962.22,130684579.63,147748773.33,172692174.44,192517321.85,217258907.78,220539507.41,242135418.15,263754660.37,295157658.15,313483384.81,333946095.56,374640295.11,383257144.92,406597034.44,433520494.94,475443712.23,497328946.72,486344351.02,529250459.26,577730934.07,657227386.67,723938700.37,793368441.01,767066391.82,766785071.24,818728133,800392821.22,849496203.91,916857359.53,936314411.47,958973183.22,992007403.13,
Korea,KOR,3957873925.94,2417237753.94,2813933899.75,3988246108.64,3458518493.92,3120307807.81,3928171298,4854576371.43,6117260075.91,7675805108.27,8999227202.47,9889961111.91,10842220468.83,13841885920.87,19482038222.86,21704752066.12,29779338842.98,38265082644.63,51700619834.71,66567975206.61,64980820835.32,72425590649.46,77773431088.25,87024427972.93,96597434179.51,100273097170.18,115537126325.94,146133338196.14,196964195387.37,243526047716.92,279349355713.8,325734233312.88,350051111253.44,386302839273.92,455602962225.4,556130926912.75,598099073901.42,557503074772.15,374241351752.48,485248229336.65,561633125839.99,533052076313.53,609020054512.47,680520724062.4,764880644710.65,898137194716.19,1011797457138.5,1122679154632.41,1002219052967.54,901934953364.71,1094499338702.72,1202463682633.85,1222807284485.31,1305604981271.91,1411333926201.24,1382764027113.82,1414804158515.26,1530750923148.7,
Sri Lanka,LKA,1409873949.58,1444327731.09,1434156378.6,1240672268.91,1309747899.16,1698319327.73,1751470588.24,1859465020.58,1801344537.82,1965546218.49,2296470588.24,2369308600.34,2553936348.41,2875625000,3574586466.17,3791298145.51,3591319857.31,4104509582.86,2733183856.5,3364611432.24,4024621899.58,4415844155.84,4768765016.82,5167913302.17,6043474842.77,5978460972.02,6405210563.88,6682167119.57,6978371581.26,6987267683.77,8032551173.24,9000362581.58,9703011635.87,10338679635.76,11717604208.82,13029697560.98,13897738375.25,15091913883.71,15794972847.17,15656327859.57,16330814179.98,15749753804.83,16536535647.08,18881765437.22,20662525941.3,24405791044.78,28279814924.59,32350248410.82,40713812309.73,42066217871.53,56725749222.04,65292753005.75,68434409314.84,74317806538.38,79356449840.89,80604080688.8,81787420023.36,87357205923.12,
Lesotho,LSO,34579308.41,35699286.01,41859162.82,47039059.22,51938961.22,54878902.42,56698866.02,59260814.78,61444771.1,65966680.67,68738625.23,76482102.91,80915831.92,121181556.2,150846210.45,149560513.86,147654093.84,193307267.71,266559337.63,290142517.81,431561376.48,434188034.19,348746822.62,386699308.86,333158476.24,268626912.55,318862888.4,402774852.65,470389179.68,495404888.09,596415104.55,704329192.77,831033941.09,835592802.28,878250450.6,1001889856.91,946123275.88,997996028.65,928458205.96,912771290.61,887295267.88,825706961.24,775780697.68,1157832934.55,1511236655.52,1682350934.85,1800105589.6,1716262756.87,1758534997.52,1773199526.39,2361613522.46,2787951879.23,2678475775.15,2526009059.19,2614566294.19,2510312804.77,2323419619.18,2578265358.3,
Luxembourg,LUX,703925705.94,704145671.35,741509480.8,791140595.77,903158753.94,921600736.3,968440149.47,974721762.54,1066447130.82,1234878980.5,1509155062.53,1572310771.77,1968733021.72,2701874663.63,3295861019.06,3233431611.28,3544268025.08,3922895891.95,4884869091.84,5711457760.04,6232005655.95,5231808670.14,4764549532.05,4683697830.37,4594891580.56,4738559684.76,6921264132.2,8614215559.16,9750161053.21,10391504709.25,13229247947.85,14321878795.04,16065740777.92,16486900186.57,18325791415.48,21588170498.08,21776609771.99,19731912494.36,20209122027.12,22235929043.26,21263514833.24,21272418791.95,23616328816.11,29557325056.43,34685281847.53,37347394602.66,42414308116.92,50888134410.07,55849686538.74,51370543206.45,53212476812.3,60004630234.41,56677961787.07,61739352212.3,66327344188.89,57784495265.44,58631324559.45,62404461274.66,
Morocco,MAR,2037150716.33,2025689536.61,2379606422.29,2657247327.34,2798339768.8,2948325264.3,2876395613.08,3046339294.54,3271415868,3651615453.02,3956328426.04,4356633663.37,5074117544.77,6242177798.34,7675408485.51,8984824182.6,9584323309.12,11049896742.39,13236854105.17,15912133569.29,21728770055.38,17788171722.44,17692341358.13,16251460689.33,14824728528.46,14991283215.74,19462175321.82,21765261041.73,25705296183.5,26314220188.03,30180108561.93,32285388165.3,33711069430.78,31655473663.83,35604137422.58,39030285468.38,43161452678.44,39147844526.08,41806219378.62,41632027599.85,38857251336.34,39459581217.38,42236836820.62,52064058833.97,59626020162.38,62343022650.87,68640825480.92,79041294874.46,92507257783.57,92897320375.82,93216746661.6,101370474295.11,98266306615.36,106825649872.11,110081248587.37,101179808076.36,103345296966.61,109708728848.54,
Madagascar,MDG,673081724.08,699161943.86,739286906.85,759345862.97,802482182.92,833563472.16,900264583.69,956436931.14,1031669636.36,1056391054.54,1111859569.77,1199507629.99,1341590681.59,1653062347.36,1917508190.05,2283049233.29,2181844193.93,2358930406.43,2669755115.51,3463565881.42,4042139901.37,3594868208.42,3526198070.1,3511573991.9,2939485471.5,2857889712.48,3258288890.59,2565634382.29,2442507588.38,2498059014.77,3081479800.29,2653141958.53,3024459564.32,3370842210.91,2977040722.47,3159901231.97,3995028592.79,3545776697.12,3738704467.52,3717515282.53,3877673539.09,4529575347.57,4397254607.61,5474030080.24,4363934494.37,5039293030.82,5515884348.55,7342923489.1,9413002920.97,8550363974.79,8729936135.74,9892702357.57,9919780071.29,10601690871.76,10673516672.67,9744243531.2,10001193315.2,11499803806.57,
Mexico,MEX,13040000000,14160000000,15200000000,16960000000,20080000000,21840000000,24320000000,26560000000,29360000000,32480000000,35520000000,39200000000,45200000000,55280000000,72000000000,88000000000,89025974025.97,81814159292.04,102500000000,134561403508.77,205139086956.52,263959336734.69,184609157801.42,156159198584.51,184261495828.37,195219789801.48,134550096436.74,147540738281.82,181611549975.8,221400669713.59,261253582805.95,313142768436.92,363157598226.11,500736065605.34,527813238126.28,360073909243.86,410975595310.16,500413483109.18,526502129378.28,600232874042.93,707906744574.64,756706300589.79,772106378935.38,729336319677.45,782240601984.76,877476221382.1,975387131716.09,1052696282278.87,1109989063586.62,900045350649.35,1057801295584.05,1180489601957.61,1201089987015.45,1274443084716.57,1314563967425.24,1170564619927.69,1077779580638.77,1150887823404.18,
Mauritania,MRT,92609222.69,107726181.22,111148585.59,113797356.81,151897168.11,172767213.29,180340653.82,191221777.8,210695183.76,199643444.57,209348253.61,227051054.99,265009395.15,333731874.38,414772351.88,475916514.75,524407931.94,540635389.59,544424605.05,644070364.89,709041452.22,747994681.88,750214410.72,788371855.94,726937320.85,683193885,802890746.89,909820553.4,957377507.48,981529400.53,1019600770.6,1443688869.96,1464392416.15,1249944999.42,1315932644.95,1415296704.12,1442598431.01,1401946853.21,1375115534.07,1405662878.85,1293654175.21,1295539448.36,1324426606.62,1563074859.52,1833444740.38,2184445123.18,3040716679.08,3356757064.46,4031048268.43,3662282133.19,4337791006.84,5166341003.06,5231255478.39,5724227185.18,5391475277.24,4844223106.95,4739298730.42,5024708655.99,
Malawi,MWI,162956740.87,174576508.47,183116337.67,190816183.68,194736105.28,229455410.89,260394792.1,269814968.24,245169806.79,265810632.43,290531621.26,365386929.84,406062874.25,444281703.89,548621017.59,613220652.93,670317634.17,806290840.62,949034016.83,1058269065.98,1237655461.15,1237685691.95,1180104216.01,1223186840.31,1208008985.43,1131347798.27,1183654827.79,1183094127.77,1379924257.21,1590215582.53,1880771556.3,2203545856.67,1799517081.56,2070636935.59,1181802596.03,1397457932.31,2281034131.36,2663234933.9,1750584265.29,1775921718.11,1743506531.33,1716502862.3,3495748397.63,3208837077.25,3476094498.88,3655909664.14,3998020176.67,4432937045.8,5321012192.34,6191127665.2,6959655570.89,8004000737.31,6028487928.83,5518880768.58,6047813437.32,6373212640.85,5433040159.89,6303292264.19,
Malaysia,MYS,1916241996.6,1901868548.28,2001502678.69,2510126747.68,2674441395.53,2956356984.19,3143538481.64,3188945511.56,3330393309.81,3664575983.27,3864170913.37,4244340333.52,5043268548.73,7662996766.67,9496074114.08,9298800799.47,11050125904.94,13139397879.17,16358376511.23,21213672089.2,24488033442.05,25004557093.88,26804401815.53,30346788437.51,33943505717.7,31200161095.45,27734562640.43,32181695507.22,35271880250.5,38848567631.42,44024178343.01,49142784405,59167157497.94,66894448545.12,74477975918.31,88704944178.63,100854996422.61,100005323301.87,72167753770.89,79148947368.42,93789736842.11,92783947368.42,100845263157.9,110202368421.05,124749736842.11,143534102611.5,162690965596.21,193547824063.3,230813597937.53,202257586267.56,255016609232.87,297951960784.31,314443149443.15,323277158906.98,338061963396.38,296636282166.18,296752886724.68,314710259510.74,
North America,NAC,584477920198.99,604157219440.4,647173002027.41,683353535761.53,734790505460.86,797723909391.13,875492805408.94,926623934246.8,1013409031841.72,1097952410241.71,1163966395224.42,1267253061477.52,1395767220992.02,1560140359214.08,1709546297648.26,1863102029787.65,2084548864401.62,2298010156934.65,2575679667449.81,2875732302185.42,3136972126345.01,3517909963656.99,3659283025119.14,3979574111781.89,4397051258071.62,4712529999482.75,4968766427343.98,5302830242049.45,5761398451214.26,6224250243275.25,6575110950908.47,6786006083611.19,7133366589284.92,7457709121892.44,7888761439501.61,8270122373385.4,8731442777972.13,9264273191726.28,9724112027406.81,10340031087640.90,11030552667252.60,11361884260892.60,11739401906646.50,12407237511367.90,13302608706074.60,14267952115864.70,15176717496461.20,15948507238205.80,16273823136997.20,15795698382986.40,16583580836811.10,17312124677047.80,17985081294447.60,18539718715830.20,19232659728993.00,19686255793552.80,20166305457752.00,21049975179140.20,
Niger,NER,449526872.57,485785234.94,531736492.91,586294761.49,582816358.35,673383604.24,702296184.36,665586975.09,641214210.67,625867922.68,649916708.24,693573595.32,742779740.39,946385033.01,1026136974.48,1048690933.21,1064517574.56,1291457973.13,1774365275.18,2109278101.99,2508524186.43,2170893038.9,2017611927.4,1803099731.54,1461243212.43,1440581533.76,1904097020.29,2233005822.59,2280356338.23,2179567107.5,2480673194.99,2327986215.86,2344987614.27,1606581743.78,1563207224.65,1880803361.69,1987770898.54,1845599608.44,2076737356.68,2018193703.06,1798374468.36,1945327564.65,2170481508.87,2731416346.48,3052898739.47,3405134831.85,3646728060.06,4291363390.91,5379299887.7,5373097440.57,5718664504.91,6409184724.23,6942258305.19,7667952566.4,8229731383.77,7217667780.6,7528285443.61,8119710126.35,
Nigeria,NGA,4196092258.15,4467200335.99,4909302953.94,5165489010.22,5552822483.55,5874422511.55,6366792664.15,5203135937.28,5200895982.08,6634187316.25,12545849083.02,9181769911.5,12274416017.8,15162871287.13,24846641318.12,27778934624.7,36308883248.73,36035407725.32,36527862208.71,47259911894.27,64201788122.61,164475209515.19,142769363313.38,97094911790.69,73484359521.1,73745821156.3,54805852581.15,52676041930.58,49648470439.8,44003061108.34,54035795388.09,49118433047.63,47794925815.58,27752204320.2,33833042988.44,44062465800.03,51075815092.31,54457835193.94,54604050167.9,59372613485.91,69448756932.6,74030364472.44,95385819320.72,104911947833.93,136385979322.69,176134087150.54,236103982431.64,275625684968.91,337035512676.56,291880204327.63,363359886203.26,410334579160.59,459376049763.82,514966287334.44,568498937615.59,494583180777.23,404649527537.71,375745486520.66,
Nicaragua,NIC,223854666.67,240524723.43,265291588.67,292916241.14,341973758.86,566542872.36,606671444,657171436.71,695899980.43,747971449.57,776585681.07,826571413.43,880842890.07,1093571441.5,1520900045.14,1590428522.64,1847871371.71,2239857060.57,2142128603.79,1527852635.63,2189347367.53,2448290109.65,2465165179.7,2743341724.08,3105517091.41,2683816288.79,2885710608.88,3851213727.68,2630904261.83,1013184745.71,1009455483.87,1488804123.71,1792800000,1756454248.37,3863185119.05,4140470000,4308351902.79,4389965590.97,4635267224.84,4855717874.68,5107329007.09,5323146565.7,5224213017.54,5322454925.85,5795568204.65,6321335612.22,6763671610.7,7423377429.06,8496965842.28,8298695144.92,8758622328.67,9774316692.16,10532001129.67,10982972256.38,11880438824.45,12611087031.49,13184989877.57,13814261535.54,
Netherlands,NLD,12276734172.08,13493833739.99,14647057370.14,15891241386.29,18699380731.35,21000586933.2,22867203317.4,25087562181.32,27817605743.25,31503868835.19,37677621537.71,44010160463.66,54008338917.88,70924006306.16,86129928026.89,98970041042.18,107775403067.18,125395875998.92,153870462415.97,177376289135.45,192661371425.41,162039376225.38,156456858050.67,151487045479.11,142075910370.88,142009922306.26,198298498021.23,241918791122.72,258567751142.83,255039560739.89,314267667675.18,323320449905.71,358330385839.6,349037818106.31,374291430318.44,446528959648.64,445704575163.4,412199006098.94,432476116418.57,441975282335.39,412807259996.32,426573601789.71,465368906455.86,571863431151.24,650532654581.57,678533764457.16,726649102998.37,839419655078.02,936228211513.11,857932759099.75,836389937229.2,893757287201.69,828946812396.79,866680000367.26,879635084124.99,757999453314.27,777227541581.31,826200282501.13,
Norway,NOR,5163271598.16,5632460936.55,6066976682.67,6510239502.76,7159202706.48,8058681060.16,8696460205.34,9514496703.4,10159934136.78,11063065083.49,12814123115.26,14583114840.06,17358610849.7,22534253702.87,27145693810.13,32877805200.02,35942270686.34,41508030431.11,46523091009.67,53132244623.92,64439382896.02,63596654760.87,62647195537.65,61627240831.09,62057955032.78,65416879914.39,78693253276,94230055658.63,101900260856.22,102633789557.54,119791683307.51,121872464483.49,130838040067.58,120579072750.6,127131461119.93,152027402449.8,163517783497.16,161354369892.84,154165219811.53,162286003692.69,171315639982.73,174003247439.31,195418347152.99,228752436371.85,264357494659.39,308722079937.91,345424664369.36,401082621082.62,462554432624.11,386622457579.95,429130952709.22,498831558925.86,510229136226.9,523502127659.57,499338534779.16,386663139402.71,371075238095.24,398831956477.94,
Nepal,NPL,508334413.97,531959561.62,574091101.19,496947904.44,496098775.31,735267082.29,906811943.82,841974025.46,772228643.41,788641965.43,865975308.64,882765471.6,1024098804.94,972101725,1217953546.98,1575789254.47,1452792989.11,1382400000,1604162497.46,1851250008.33,1945916583.33,2275583316.67,2395429852.43,2447174803.38,2581207387.8,2619913955.52,2850784523.38,2957255379.54,3487009748.36,3525228153.17,3627562402.66,3921476084.89,3401211581.29,3660041666.67,4066775510.2,4401104417.67,4521580381.47,4918691916.54,4856255044.39,5033642384.11,5494252207.91,6007055042.54,6050875806.66,6330473096.54,7273938314.72,8130258041.47,9043715355.89,10325618017.38,12545438605.4,12854985464.08,16002656434.47,18913574370.76,18851513891.07,19271168018.48,20002968837.95,21410840908.52,21185922407.59,24880266905.5,
New Zealand,NZL,5485854791.97,5670064168.22,6077496267.76,6638937283.14,7274144350.82,5654463586,5863733230.98,5961418093.53,5180597620.64,5761588761.69,6623527494.68,8066935949.22,9820126397.67,13024906080.42,14069222283.51,12995256381.3,13612626656.27,15470524340.87,18614130434.78,20580987679.05,23149971048.06,24167846141.04,24345229424.62,24482781282.86,21903971793.01,24950895140.67,30604668356.57,40338594862.27,45493075684.38,44170562821.8,45519034243.71,42756020706.73,41636005954.91,46712018140.59,55154160815.68,63918039319.87,70140835299.01,66074513017.71,56227696194.54,58762260625.88,52622842840.21,53872425916.62,66627729311.45,88250885550.26,103904537815.13,114718721396.89,111608845081.38,137316087308,133279679482.67,121338622025.11,146583831538.33,168461998741.3,176192886551.4,190785204763.53,200955119873.91,177620948761.31,189285950470.75,205852838254.71,
Pakistan,PAK,3707055900.88,4054599181.02,4233095590.09,4540529105.42,5130407727.85,5884712095.76,6466610751.78,7403821902.56,8090088555.23,8632927257.45,10027088849.22,10602058189.84,9309109764.08,6324884129.39,8773030424.24,11340000242.42,13338484979.8,15126059646.46,17820100626.26,19707979303.03,23689696767.68,28100605515.15,30725972786.73,28691890433.07,31151824658.65,31144920554.09,31899071053.94,33351528115.35,38472741737.4,40171019643.35,40010424928.72,45451960731.72,48635176852.77,51478304859.59,51894781281.89,60636022422.62,63320122807.12,62433300338.09,62191955814.35,62973855718.89,73952374969.8,72309738921.33,72306820396.23,83244801092.71,97977766197.67,109502102510.88,137264061106.04,152385716311.92,170077814106.31,168152775283.03,177406854514.89,213587413184,224383620829.57,231218567178.98,244360888750.81,270556126820.06,278654637737.69,304951818494.07,
Panama,PAN,537147100,599026300,652120900,722784500,776137500,852485300,928833000,1034376400,1112791100,1221305700,1351006400,1523917200,1673411700,1913793400,2188307600,2435304100,2588106000,2738261900,3244558600,3704551600,4614086400,5222421500,5769767900,5923755900,6183387100,6541517100,6797834200,6827665300,5902783400,5918469800,6433967000,7074675500,8042337700,8782585400,9365289800,9573813700,9870494000,10677286100,11575486400,12130252200,12304115000,12502013400,12994310400,13693981200,15013381700,16374393900,18141666300,21295984200,25155888600,27116635600,29440287600,34686224300,40429734400,45599994000,49921464365.32,54091713775.56,57957594212.22,62283756584.43,
Peru,PER,2571908062.08,2899654840.37,3286773187.88,3600957771.15,4356913870.24,5166861068.42,6113607728.16,6204253758.58,5736083835.22,6420909789.64,7432223176.77,8289582883.5,9189413409.01,10994381894.8,13858441211.22,16877163792.13,15947709379.65,14620386673.85,12495779622.07,15962459447.22,18134029179.64,21649137620.31,21793496819.34,17345624453.69,17599660054.29,16548827018.29,15244232957.88,20702298396.97,15439408447.23,22499559086.03,26410386669.36,34672122380.77,36139225287.91,35158109999.5,44882079766.89,53312793687.38,55252414130.3,58147522522.52,55501467877.38,50187324567.88,51744749133.21,52030158775.41,54777553515.08,58731030121.87,66768703497.57,76060606060.61,88643193061.75,102170981144.14,120550599815.44,120822986521.48,147528937028.78,171761737046.59,192648999090.08,201217661645.51,201080662205,189926516769.25,191639655121.33,211389272242.16,
Philippines,PHL,6684568805.07,7256966966.23,4399827767.97,4875309866.34,5271404668.37,5784398976.98,6371459304.41,6809134235.54,7591603053.44,8408229699.14,6687204834.37,7408305735.65,8017468688.2,10082885603.07,13781139969.65,14893969287.66,17097563270.3,19648106122.01,22706155475.3,27502168726.96,32450541843.07,35646416952.54,37140163934.43,33212180658.17,31408492876.69,30734335448.99,29868339080.83,33195933429.6,37885440418.68,42575183905.56,44311593755.78,45417561302.25,52976344928.96,54368083953.11,64084460124.46,74119987244.5,82848140618.03,82344260570.67,72207028767.76,82995145792.93,81026300310.01,76262072467.38,81357605641.85,83908206647.93,91371242495.08,103071582125.97,122210716311.05,149359918060,174195136253.39,168334601260.08,199590775190.26,224143083706.78,250092092998.14,271836123723.68,284584522898.87,292774099013.69,304889079564.14,313595208736.66,
Papua New Guinea,PNG,230496032.98,244832035.03,261184037.37,275968039.49,305312043.69,344159480.34,390973233.28,441706910.07,485160824.28,551237316.61,645537126.22,717716130.49,858802035.93,1299105240.73,1467346060,1356591176.86,1511856584.26,1640763204.45,1947947524.33,2293621944.37,2545983007.9,2498068350.67,2368584969.53,2562492524.82,2552526263.08,2423373088.07,2648033765.7,3143848331.31,3655979702.46,3546460176.99,3219730365,3787394957.98,4377980510.06,4974550286.18,5502786069.65,4636057476.43,5155311077.39,4936615298.79,3789443014.62,3477038204.02,3521339699.07,3081024212.43,2999511040.2,3536411824.3,3927157866.96,4865892972.28,8306343442.27,9545071324.99,11670678863.75,11619541940.4,14250726289.85,17984816533.11,21295834133.23,21261305413.23,23060047127.65,20638636035.26,19028120012.77,20536314601.1,
Puerto Rico,PRI,1691900000,1865100000,2094400000,2333600000,2570500000,2881500000,3170500000,3532700000,3941700000,4460700000,5034700000,5646800000,6328900000,7002400000,7684800000,8198300000,8968600000,9910900000,11165000000,12750000000,14436100000,15955700000,16764200000,17276600000,19162600000,20289200000,22009300000,24025800000,26385800000,28161200000,30603919000,32287031000,34630430000,36922456000,39690630000,42647331000,45340835000,48187039000,54086400000,57841000000,61701800000,69208400000,71623500000,74827400000,80322313000,83914521340.54,87276164364.64,89524131617.19,93639300000,96385600000,98381300000,100351700000,101564800000,102450000000,102445800000,103375500000,103960800000,,
Portugal,PRT,3193200404.37,3417516639.38,3668222357.66,3905734459.73,4235608177.67,4687464054.83,5135387845.97,5740241165.63,6354262628.34,6969025825.63,8109032775.45,9202512367.49,11240223128.24,15092052330.34,17514112075.77,19349512941.18,20334835543.77,21441635411.21,23489924726.28,26625439344.26,32899759311.17,31980423452.77,30530759334.01,27242331885.63,25220451794.03,27118476173.67,38749715721.75,48187667852.57,56352797353.76,60600056659.03,78721607509.49,89242382961.01,107602689040.69,95019103603.04,99698453260.87,118133634071.91,122629812841.18,117046198970.84,123981736420.3,127465545493.29,118358489957.62,121545880984.34,134228697534.35,164964195259.59,189187437298.24,197304513120.26,208566948939.91,240169336162.06,262007590449.69,243745748819.12,238303443425.21,244895101712.45,216368178659.45,226073492966.5,229629822121.6,199420256049.69,205184480409.02,217571083045.99,
Rwanda,RWA,119000024,122000016,125000008,128000000,129999994,148799980,124525702.86,159560018,172200018,188700037,219900006,222952578.2,246457838.34,290746157.15,308458423.18,571863295.74,637754162.1,746650558.55,905709147.27,1109346220.53,1254765349.93,1407062607.63,1407242640.23,1479688125.89,1587412957.22,1715625839.18,1944711061.31,2157434025.16,2395493877.51,2405021932.9,2550185618.15,1911600969.77,2029026704.03,1971525998.88,753636370.45,1293535010.94,1382334879.41,1851558301.7,1989343495.22,1817654508.16,1734938652.21,1674685248.2,1677552332.4,1846198770.59,2088961968.94,2581313485.69,3152324689.24,3824788145.28,4860093843.14,5378925894.62,5773084568.15,6563320570.41,7334917696.72,7621923307.7,8016591927.66,8277613193.58,8475681532.52,9135454442.14,
South Asia,SAS,46639476636.95,49749767835.24,53087876774.37,59696720682.97,68359077848.62,73465312628.37,61775320474.36,68010731842.14,71386197453.41,78373437666.93,84912161096.63,90242646148.49,90631074658.7,103624271364.4,125531855525.45,134715474093.26,131459731132.41,151994465547.99,172967893876.62,193748993994.96,233605027769.15,247656816198.99,256216859836.07,271148226681.4,269954987998.61,293526233537.01,310837736205.28,345105101937.34,370870040671.92,374312865241.29,402945014641.96,358520352196.44,380675554305.86,377077220040.86,427599085122.82,475089669292.96,519779082184.87,545216584137.41,552856264099.88,592264236202.29,616124993112.05,632235853220.59,663176526356.52,774398576801.5,897867918024.54,1028573541116.05,1176167422310.11,1488597594160.48,1515560305235.05,1665541206115.67,2042061634081.08,2271880459393.29,2297280332400.63,2357174528818.47,2581874264471.9,2696116882251.6,2902952967919.78,3294668928203.49,
Sudan,SDN,1307333333.33,1419333333.33,1541666666.67,1568333333.33,1611333333.33,1679333333.33,1723000000,1865666666.67,1947333333.33,2144333333.33,2437666666.67,2656000000,2882000000,3571666666.67,4595000000,5598000000,6979333333.33,8704000000,7670500000,9032250000,7459833333.33,10016500000,9240000000,8230153846.15,9701357142.86,12403733333.33,15769062500,20155555555.56,15399166666.67,15291507936.51,12408647540.98,11379222222.22,7034219712.53,8881785938.48,12794192334.25,13829744878.64,9018243044.45,11681494637.3,11250327988.05,10682045258.36,12257418326.07,13182979783.53,14803189092.7,17646503525.17,21457470202.78,26524538565.74,35822408611.56,45898948564.06,54526580231.56,53150209167.93,65634109236.77,67327289319.73,68125631150.29,72065940085.77,82151588418.83,97156119150,95584380032.21,117487857142.86,
Senegal,SEN,1003692374.56,1058975265.59,1085475573.49,1122139637.26,1188930567.71,1210058396.06,1246908373.74,1246480958.51,1309384830.19,1245234806.9,1297407828.61,1339548823.67,1620857277.19,1863398448.33,2099324949.85,2830388404.88,2869777812.41,2938046307.23,3280354339.39,4084878667.86,4435050396.67,4021697233.39,3936758681.58,3512053232.04,3425127373.37,3750056424.49,5304238012.68,6381385759.78,6311054901.49,6219793532.56,7237100724.34,7111252865.85,7602005274.44,7189226453.28,4908415368.78,6176312552.14,6413189839.2,5915250258.28,6368265193.7,6512207622.2,5924239700.82,6174898370.14,6752510282.96,8683229268.12,10167441854.47,11022821631.87,11847848224.89,14285970085.14,16949789464.53,16248212852.22,16215069255.59,17878780184.89,17825417949.41,18960182371.47,19770919167.1,17767620058.86,18973894458.8,21070225734.79,
Singapore,SGP,704462302.37,764308114.46,825885273.75,917222004.44,893734483.21,974193126.88,1095910100.61,1237423232.72,1425029400.24,1659055272.44,1919508689.4,2262544100.35,2719900350.74,3693760000,5216773825.99,5633386679.8,6326445409.69,6617532782.9,7515823563.17,9294635004.4,11893405683.8,14171819540.44,16078856439.63,17775280373.83,19735920492.19,19138296376.17,18569292304.9,20897630201.16,25337226970.56,30423573842.18,36152027893.14,45474442836.47,52156414978.51,60644572348.06,73777792326.83,87890009877.24,96403758865.25,100163995150.86,85707636233.27,86283126843.66,95833932714.62,89286208628.68,91941192896.24,97001377568.59,114188557567.15,127417688055.76,147797218201.27,179981288567.45,192225881687.75,192408387762.12,236421782178.22,275966926379.39,290673681683.6,304454327499.4,311539499644.86,304097759674.13,309763879840.75,323907234412.34,
Sierra Leone,SLE,322009471.57,327834680.56,342721579.82,348546952.13,371848114.75,359379856.25,375479849.81,348795303,329860091.94,408690163.48,434410373.76,419549425.08,465381089.98,575230234.39,648590642.94,679335901.12,594895672.33,691777758.4,960728338.94,1109374722.08,1100685844.92,1114830471.92,1295361885.92,995104305.35,1087471861.99,856890498.63,490181456.62,701307602.28,1055083945.38,932974411.92,649644826.8,779981458.92,679997997.6,768812334.8,911915970.68,870758739.41,941742152.71,850218033.62,672375927.35,669384768.87,635874002.2,1090467712.31,1253340519.53,1385810072.19,1448536630.88,1650494367,1885112201.85,2158496872.86,2505458705.03,2453899846.88,2578026297.16,2942546781.05,3801862611.36,4920343194.99,5015157815.73,4218723875.14,3556036534.57,3775047333.92,
Suriname,SUR,99650000,107700000,116150000,125950000,134400000,154150000,190350000,220700000,241350000,259650000,274900000,301000000,311950000,339450000,409850000,465500000,505500000,641500000,735500000,782500000,795000000,889000000,915000000,883500000,864000000,873000000,891000000,980000000,1161000000,542600000,388400000,448100000,404600000,428764705.88,605492537.31,691590497.74,861411471.32,926422500,1110850000,886290697.67,947671969.7,834279357.8,1093574468.09,1274190311.42,1484092538.41,1793388732.29,2626493056.82,2936440801.46,3532961748.63,3875555555.56,4368398047.64,4422646203.75,4958566169.81,5149556633.81,5235212205.61,4767414747.89,3152173913.04,2995827900.91,
Sweden,SWE,14842870293.42,16147160122.79,17511477311.45,18954132365.51,21137242560.85,23260320646.27,25302033132.33,27463409201.88,29143383490.59,31649203885.89,37555366021.03,40980345656.37,48263914958.84,58567384058.8,65082581294.77,81716751697.9,88102107647.1,93136775102.64,102969762221.98,121646718574.33,140088635568.38,127858412114.39,112767844570.72,103533702638.55,107661673734.86,112514448261.84,148376104539.84,180429286795.79,204068257817.6,214875344909.96,258154283908.9,270362531376.6,280312318915.49,209950792712.7,226079963711.77,264051981551.32,288103936773.04,264477727278.68,266800462898.9,270847937645.24,259802012617.06,239917320966.98,263926220332.54,331108912605.27,381705425301.75,389042298376.85,420032121655.69,487816328342.31,513965650650.12,429657033107.74,488377689564.92,563109663291.18,543880647757.4,578742001487.57,573817719109.4,497918109302.4,514459972806.17,538040458217,
Eswatini,SWZ,35076158.48,43025199.5,45927061.46,54128377.43,64979280.41,70278594.43,76858462.83,74758504.83,79798404.03,105417891.64,112137757.24,136465324.38,146741251.46,221902017.29,264311994.11,288302907.37,272539098.44,304047838.09,340616375.34,412093133.76,542000513.61,571542674.58,537575980.84,555336145.77,494475699.86,361014890.46,449146608.32,584135559.92,692016714.32,696915430.66,1114703088.16,1156141998.33,1284766234.22,1357206995.75,1419293455,1698982437.76,1602760100.48,1716699913.19,1576904292.46,1547884442.26,1738100853.05,1542477308.89,1432228125.27,2197612701.1,2770082791.5,3178126491.91,3291353835.93,3469363996.37,3294093485.21,3580417066.92,4438778424.3,4820499924.25,4823831656.52,4560713073.92,4377293816.29,4020275298.03,3817430000,4433664364.25,
Seychelles,SYC,12012025.25,11592024.36,12642026.57,13923029.26,15393032.35,15603032.8,16443034.56,16632032.81,16074027.35,16452027.99,18432031.36,21965951.72,30645121.01,36896278.22,43134498.69,47803145.96,49278979.55,64526398.66,85552369.91,127261099.24,147357222.78,154902869.02,147912069.77,146712850.51,151313241.98,168887539.13,207850623.64,249267039.78,283828769.03,304832867.39,368584758.94,374359556.08,433667193.81,473916819.45,486451204.56,508221508.22,503068472.2,562958836.52,608369282.23,622985493.68,614879764.78,622262057.19,697518248.18,705704816.04,839319927.27,919103254.55,1016418229.25,1033561654.06,967199593.96,847397850.09,969936525.3,1065826669.9,1060222480.21,1328158359.63,1343010475.37,1377492465.56,1427525456.58,1497959568.97,
Chad,TCD,313582727.64,333975336.63,357635713.88,371767002.66,392247517.6,416926302.96,432794922.46,449826323,453980096.65,471635620.92,469266736.61,501866730.72,585427545.72,647199482.83,652532796.07,864602103.3,866044961.05,935360466.35,1113920122.61,1004316495.11,1033002401.83,876937559.73,834369860.43,832415805.96,919103735.32,1033069710,1067828247.24,1163426850.65,1482597298.89,1433686309.84,1738605558.05,1877138041.64,1881847676.81,1463251055.4,1179837954.72,1445919969.89,1607345450.05,1544689502.82,1744794457.28,1534673583.25,1385058161.77,1709347793.33,1987622279.11,2736666515.83,4414929220,6646663561.27,7422102655.99,8638711442.77,10351932604.42,9253484108.5,10657705536.5,12156380425.08,12368071038.74,12949854262.81,13922223233.52,10945989471.63,10090922857.39,9871247731.9,
Togo,TGO,121128073.11,126396469.71,132237441.63,143255784.51,166104067.63,187300336.37,216136263.91,231706475.46,241956910.66,267732446.38,253976626.17,286537524.99,335677636.89,406479906.16,560437742.59,617321669.39,619375134.18,777435020.48,824263841.54,891775906.63,1136408814.2,962347000.99,821651918.72,765746590.62,718148959.61,762359722.7,1060911735.26,1249099130.02,1378847487.41,1352949662.75,1628427515.42,1602299862.92,1692959110.18,1233496846.33,982624324.51,1309382885.33,1465448290.34,1498950899.09,1587345950.97,1576094566.49,1488185772.48,1481141849.98,1698678686.38,2111093197.99,2255942249.33,2280575830.08,2349495620.59,2659095101.1,3310277926.59,3365711796.38,3426022205.76,3867391618.09,3873529926.23,4320427495.75,4568900619.92,4179185205.16,4457732624.95,4757776485.13,
Thailand,THA,2760747471.89,3034043574.06,3308912796.93,3540403456.55,3889129942.31,4388937649.04,5279230817.31,5638461442.31,6081009427.88,6695336567.31,7086538437.5,7375000024.04,8177884552.88,10838587357.75,13703000530.06,14882747955.03,16985211146.02,19779315170.02,24006570178.16,27371699082.71,32353440726.89,34846107862.37,36589797857.4,40042826244.23,41797592963.44,38900692712.15,43096746122.46,50535438696.41,61667199834.74,72250877410.32,85343063965.92,98234695722.03,111452869378.47,128889832382.82,146683499005.96,169278552851.27,183035154107.49,150180268649.39,113675706127.27,126668932159.51,126392308497.75,120296746256.63,134300851255,152280653543.73,172895476152.59,189318499954,221758486880.31,262942650543.77,291383081231.82,281710095724.76,341105009515.33,370818747396.83,397558094269.88,420333333333.33,407339361695.58,401399422442.97,411755164832.67,455302682985.76,
Latin America & the Caribbean (IDA & IBRD countries),TLA,76702247596.24,81094088269.08,92821621888.36,93431233348.64,104146937182.34,110869069912.04,121580570077.57,124463696401.73,133892597729.57,149863638048.76,163011118732.92,181592974608.64,203688289073.46,268836495808.63,352617502554.03,368000210652.58,409681577106.28,451146620256.69,510551092092.74,610771531070.36,740165399842.61,857184544983.62,795289506274.75,694249434301.12,697276323784.73,719283873922.46,721575195432.66,761080004451.49,860105592617.98,942460356533.04,1109227874665.3,1382296618111.83,1302849485928.03,1504980353258.94,1719705463159.46,1833464052368.17,1992895521063.68,2186084304078.86,2199437387465.3,1968085182442.94,2174345039489.08,2116169026092.94,1882072103086.82,1919646150147.23,2223081566817.56,2706520157544.43,3182618894707.57,3769085927342.24,4402417334459.54,4123961494576.23,5152710424889.5,5878042083003.65,5934947300672.19,6081520513732.55,6199464268957.2,5289638340934.71,5148501416959.25,5722759834219.96,
Sub-Saharan Africa (IDA & IBRD countries),TSS,29705433863.89,30873961811.16,33457810524.21,38357766238.02,37419927388.85,41682000257.93,44986135217.98,44441962982.66,47531330942.14,54446553612.57,64065209243.5,65174292627.71,73471770397.63,93957114982.08,123080073812.32,135433153083.87,147045879491.69,162021000529.71,179086422052.82,215660153168.09,270837962511.2,382213171606.63,351983919684.23,303965743957.87,275777121897.2,262044566323.43,273954122318.2,311907882535.05,324834217464.08,330084517363.31,335818013649.39,341520256170.1,336893122998.8,314253660467.96,309611212821.74,355028185180.41,366544794811.74,381048271297.75,364723052378.82,367872124086.85,392087586531.51,373785416992.4,407824372176.92,511579708028.76,638306998774.53,760233816351.43,906016062005.97,1051369321121.57,1205113311453.3,1146185673576.2,1366254396942.11,1550965860009.12,1633377912701,1739842927885.69,1826903049776.29,1665066294226.42,1543178532381.65,1669767509030.35,
Trinidad and Tobago,TTO,535670127.75,584961208.66,619319197.34,678235373.04,711893367.56,736568861.93,723735635.54,761981474.02,758899950,779200000,821850000,896754316.67,1083381044.08,1308799458.96,2042031901.42,2442667573.05,2500410583.79,3138666666.67,3562333458.33,4602416625,6235833333.33,6992083333.33,8140416666.67,7763750000,7757083333.33,7375918367.35,4794444444.44,4797777777.78,4496852073.47,4323058823.53,5068000000,5307905882.35,5439552941.18,4669488516.38,4947205860.01,5329214163.22,5759537726.27,5737751331.64,6043694330.22,6808982520.76,8154338232.96,8824873259.32,9008273720.93,11305459802.07,13280275123.04,15982282462.38,18369361094.39,21641620049.94,27871587349.54,19172165225.5,22157253321.2,25366520906.93,25601811993.97,26578524198.31,27200280855.05,24401734194.68,22295585700.37,22079017626.67,
Turkey,TUR,13995067817.51,8022222222.22,8922222222.22,10355555555.56,11177777777.78,11944444444.44,14122222222.22,15666666666.67,17500000000,19466666666.67,17086956521.74,16256619963.8,20431095406.36,25724381625.44,35599913836.43,44633707242.76,51280134554.29,58676813687.37,65147022485.79,89394085658.2,68789289565.74,71040020140.44,64546332580.76,61678280115.5,59989909457.84,67234948264.6,75728009962.79,87172789528.33,90852814004.99,107143348667.09,150676291094.21,150027833333.33,158459130434.78,180169736363.64,130690172297.3,169485941048.04,181475555282.56,189834649111.26,275769083237.44,255883476599.81,272979846449.14,200252121409.92,238428211252.65,311822906256.25,404786390740.09,501416344150.05,552487224361.22,675770204927.47,764335766423.36,644640000000,771901783337.77,832523582089.55,873982182628.06,950579367580.63,934185972127.03,859796691176.47,863721731068.51,851549299635.43,
Uganda,UGA,423008385.74,441524109.01,449012578.62,516147798.74,589056603.77,884873949.58,925770308.12,967647058.82,1037815126.05,1169047619.05,1260084033.61,1417787114.85,1491596638.66,1702521008.4,2100142653.35,2359555555.56,2447300000,2936470588.24,2420260869.57,2139025000,1244610000,1337300000,2177500000,2240333333.33,3615647477.05,3519666338.52,3923232122.13,6269511614.66,6508931651.67,5276480986,4304398865.88,3321729057.12,2857457860.05,3220439044.19,3990430446.71,5755818947.42,6044585326.94,6269333313.17,6584815846.53,5998563257.95,6193246837.1,5840503868.57,6178563590.89,6336696288.98,7940362799.18,9013834373.41,9942597779.99,12292813603.23,14239026629.64,18168902153.88,20186496527.13,20176025256.92,23114293416.39,24599550623.73,27291879819.36,27102650386.6,24133664284.5,25995031850.17,
Uruguay,URY,1242289239.2,1547388781.43,1710004407.23,1539681490.78,1975701816.47,1890769326.14,1809183974.53,1597721080.01,1593675330.16,2004435483.87,2137096774.19,2807258064.52,2189418001.38,3964295672.52,4090209681.97,3538283322.08,3667161241.48,4114667062.65,4910257282.93,7181185277.99,10163020115.73,11048335541.49,9178802162.66,5102281256,4850241442.18,4732017873.38,5880112788.41,7367494080.4,8213515458.51,8438951476.07,9298839655.23,11205971155.28,12878199880.98,15002106518.48,17474647792.38,19297663096.55,20515543039.21,23969823010.44,25385928198.32,23983945190.62,22823255801.84,20898788416.63,13606494599.43,12045631092.54,13686329890.12,17362857683.85,19579457966.05,23410572634.31,30366213119.29,31660911277.03,40284481651.9,47962439303.72,51264390116.49,57531233350.91,57236013086.12,53274304222.14,52687612261.54,56156972157.7,
United States,USA,543300000000,563300000000,605100000000,638600000000,685800000000,743700000000,815000000000,861700000000,942500000000,1019900000000,1075884000000,1167770000000,1282449000000,1428549000000,1548825000000,1688923000000,1877587000000,2085951000000,2356571000000,2632143000000,2862505000000,3210956000000,3344991000000,3638137000000,4040693000000,4346734000000,4590155000000,4870217000000,5252629000000,5657693000000,5979589000000,6174043000000,6539299000000,6878718000000,7308755000000,7664060000000,8100201000000,8608515000000,9089168000000,9660624000000,10284779000000.00,10621824000000.00,10977514000000.00,11510670000000.00,12274928000000.00,13093726000000.00,13855888000000.00,14477635000000.00,14718582000000.00,14418739000000.00,14964372000000.00,15517926000000.00,16155255000000.00,16691517000000.00,17427609000000.00,18120714000000.00,18624475000000.00,19390604000000.00,
St. Vincent and the Grenadines,VCT,13066557.78,13999883.33,14524878.96,13708219.1,14758210.35,15108207.43,16099865.83,15835177.93,15350000,16650000,18450000,20051648.18,27585488.99,30165373.62,32924215.86,33237164.72,32792480.97,49353161.85,60844771.48,71096359.63,82340339.63,102086539.26,113759203.33,122255349.63,135024987.78,145641705.19,160846656.67,175580647.41,200726712.59,214745002.22,240365262.59,254829629.63,277954111.11,286307814.81,289438481.48,316008481.48,331489703.7,347770000,373619851.85,390719148.15,396261370.37,430039296.3,461883444.44,481806296.3,521975111.11,550728666.67,610930037.04,684446259.26,695428851.85,674922481.48,681225962.96,676129407.41,692933740.74,721208998.23,727714407.11,755458031.42,770762204.08,785222509.14,
South Africa,ZAF,7575248495.03,7972840543.19,8497830043.4,9423211535.77,10373792524.15,11334173316.53,12354752904.94,13777124457.51,14894302113.96,16780064398.71,18418031639.37,20334172259.51,21358137114.61,29293948126.8,36806475349.52,38114942528.74,36601885924.56,40649724011.04,46737580496.78,57647268408.55,82984078068.82,89629496832.8,82696902010.29,88786580362.84,87880468268.64,69208451592.56,82107924006.17,107414974090.18,118331510445.15,128902675070.72,115553279480.54,123943432441.24,134545231416.55,134309759157.82,139752450152.08,155460285076.23,147607982694.86,152586154513.89,137774361015.14,136631966609.38,136361854808.5,121600818309.68,115748110112.68,175256916996.05,228937347865.86,257671413750.83,271638484826.11,299415505152.3,286769839732.73,295936485832.64,375349442837.19,416418874939.23,396327875201.3,366643223164,350636208163.77,317536830640.62,295746599722.07,348871647959.64,
Zambia,ZMB,713000000,696285714.29,693142857.14,718714285.71,839428571.43,1082857142.86,1264285714.29,1368000000,1605857142.86,1965714285.71,1825285714.29,1687000000,1910714285.71,2268714285.71,3121833333.33,2618666666.67,2746714285.71,2483000000,2813375000,3325500000,3829500000,3872666666.67,3994777777.78,3216307692.31,2739444444.44,2281258064.52,1661948717.95,2269894736.84,3713614457.83,3998637681.16,3285217391.3,3378882352.94,3181921787.71,3273237853.36,3656647744.25,3807067121.86,3597220962,4303281932.29,3537683046.02,3404311976.55,3600683039.73,4094480988.12,4193845678.17,4901839731.27,6221077674.78,8331870169.15,12756858899.28,14056957976.26,17910858637.9,15328342303.96,20265556273.58,23460098339.75,25503370699.2,28045460442.19,27150630607.2,21154394545.9,20954754378.14,25868142073.45,
Zimbabwe,ZWE,1052990400,1096646600,1117601600,1159511700,1217138000,1311435800,1281749500,1397002000,1479599900,1747998800,1884206300,2178716300,2677729400,3309353600,3982161400,4371300700,4318372000,4364382100,4351600500,5177459400,6678868200,8011373800,8539700700,7764067000,6352125900,5637259300,6217523700,6741215100,7814784100,8286322700,8783816700,8641481700,6751472200,6563813300,6890675000,7111270700,8553146600,8529571600,6401968200,6858013100,6689957600,6777384700,6342116400,5727591800,5805598400,5755215200,5443896500,5291950100,4415702800,9665793300,12041655200,14101920300,17114849900,19091020000,19495519600,19963120600,20548678100,22040902300,